{"cameraMode":{"drawMode":0,"name":"Shaded","section":"Shading Mode"},"sceneLighting":true,"audioPlay":false,"sceneViewState":{"m_AlwaysRefresh":false,"showFog":true,"showSkybox":true,"showFlares":true,"showImageEffects":true,"showParticleSystems":true,"showVisualEffectGraphs":true,"m_FxEnabled":true},"in2DMode":false,"pivot":{"x":2.1950268745422365,"y":2.099903106689453,"z":-0.5511860847473145},"rotation":{"x":-0.3997346758842468,"y":-0.010342082008719445,"z":0.004022063687443733,"w":-0.9164263606071472},"size":1.2583986520767213,"orthographic":false}